Zodiac,Personality
水瓶座 (Aquarius),乐观 (Optimistic)
双子座 (Gemini),敏感 (Sensitive)
狮子座 (Leo),乐观 (Optimistic)
天秤座 (Libra),乐观 (Optimistic)
巨蟹座 (Cancer),敏感 (Sensitive)
双鱼座 (Pisces),敏感 (Sensitive)
射手座 (Sagittarius),稳重 (Calm and steady)
天蝎座 (Scorpio),敏感 (Sensitive)
天蝎座 (Scorpio),稳重 (Calm and steady)
狮子座 (Leo),乐观 (Optimistic)
双子座 (Gemini),敏感 (Sensitive)
天秤座 (Libra),乐观 (Optimistic)
天蝎座 (Scorpio),敏感 (Sensitive)
射手座 (Sagittarius),稳重 (Calm and steady)
巨蟹座 (Cancer),乐观 (Optimistic)
金牛座 (Taurus),敏感 (Sensitive)
处女座 (Virgo),敏感 (Sensitive)
天秤座 (Libra),稳重 (Calm and steady)
天秤座 (Libra),敏感 (Sensitive)
巨蟹座 (Cancer),冲动 (Impulsive)
金牛座 (Taurus),乐观 (Optimistic)
水瓶座 (Aquarius),乐观 (Optimistic)
金牛座 (Taurus),乐观 (Optimistic)
射手座 (Sagittarius),乐观 (Optimistic)
巨蟹座 (Cancer),乐观 (Optimistic)
摩羯座 (Capricorn),乐观 (Optimistic)
狮子座 (Leo),稳重 (Calm and steady)
天秤座 (Libra),乐观 (Optimistic)
天蝎座 (Scorpio),乐观 (Optimistic)
双鱼座 (Pisces),敏感 (Sensitive)
天秤座 (Libra),乐观 (Optimistic)
双鱼座 (Pisces),敏感 (Sensitive)
天蝎座 (Scorpio),敏感 (Sensitive)
天蝎座 (Scorpio),稳重 (Calm and steady)
双鱼座 (Pisces),稳重 (Calm and steady)
天蝎座 (Scorpio),敏感 (Sensitive)
巨蟹座 (Cancer),乐观 (Optimistic)
摩羯座 (Capricorn),敏感 (Sensitive)
射手座 (Sagittarius),稳重 (Calm and steady)
金牛座 (Taurus),乐观 (Optimistic)
天蝎座 (Scorpio),稳重 (Calm and steady)
射手座 (Sagittarius),敏感 (Sensitive)
狮子座 (Leo),稳重 (Calm and steady)
射手座 (Sagittarius),稳重 (Calm and steady)
狮子座 (Leo),乐观 (Optimistic)
白羊座 (Aries),稳重 (Calm and steady)
射手座 (Sagittarius),敏感 (Sensitive)
巨蟹座 (Cancer),稳重 (Calm and steady)
摩羯座 (Capricorn),乐观 (Optimistic)
摩羯座 (Capricorn),稳重 (Calm and steady)
双子座 (Gemini),乐观 (Optimistic)
白羊座 (Aries),稳重 (Calm and steady)
射手座 (Sagittarius),乐观 (Optimistic)
处女座 (Virgo),敏感 (Sensitive)
天蝎座 (Scorpio),稳重 (Calm and steady)
双子座 (Gemini),乐观 (Optimistic)
双子座 (Gemini),敏感 (Sensitive)
巨蟹座 (Cancer),敏感 (Sensitive)
金牛座 (Taurus),敏感 (Sensitive)
处女座 (Virgo),敏感 (Sensitive)
水瓶座 (Aquarius),乐观 (Optimistic)
处女座 (Virgo),稳重 (Calm and steady)
摩羯座 (Capricorn),敏感 (Sensitive)
狮子座 (Leo),乐观 (Optimistic)
摩羯座 (Capricorn),敏感 (Sensitive)
双鱼座 (Pisces),敏感 (Sensitive)
天蝎座 (Scorpio),乐观 (Optimistic)
天秤座 (Libra),乐观 (Optimistic)
双子座 (Gemini),敏感 (Sensitive)
天蝎座 (Scorpio),敏感 (Sensitive)
天蝎座 (Scorpio),敏感 (Sensitive)
天蝎座 (Scorpio),敏感 (Sensitive)
天蝎座 (Scorpio),稳重 (Calm and steady)
双子座 (Gemini),敏感 (Sensitive)
天蝎座 (Scorpio),敏感 (Sensitive)
白羊座 (Aries),稳重 (Calm and steady)
白羊座 (Aries),乐观 (Optimistic)
处女座 (Virgo),稳重 (Calm and steady)
射手座 (Sagittarius),敏感 (Sensitive)
狮子座 (Leo),冲动 (Impulsive)
双鱼座 (Pisces),敏感 (Sensitive)
射手座 (Sagittarius),乐观 (Optimistic)
处女座 (Virgo),敏感 (Sensitive)
射手座 (Sagittarius),乐观 (Optimistic)
双鱼座 (Pisces),敏感 (Sensitive)
白羊座 (Aries),稳重 (Calm and steady)
金牛座 (Taurus),稳重 (Calm and steady)
白羊座 (Aries),稳重 (Calm and steady)
狮子座 (Leo),乐观 (Optimistic)
处女座 (Virgo),稳重 (Calm and steady)
水瓶座 (Aquarius),乐观 (Optimistic)
金牛座 (Taurus),乐观 (Optimistic)
双鱼座 (Pisces),敏感 (Sensitive)
双子座 (Gemini),敏感 (Sensitive)
摩羯座 (Capricorn),敏感 (Sensitive)
金牛座 (Taurus),敏感 (Sensitive)
摩羯座 (Capricorn),乐观 (Optimistic)
狮子座 (Leo),稳重 (Calm and steady)
巨蟹座 (Cancer),稳重 (Calm and steady)
金牛座 (Taurus),敏感 (Sensitive)
